Category,Link
Animal Health,https://www.trustpilot.com/categories/animal_health
Animal Parks & Zoo,https://www.trustpilot.com/categories/animal_parks_zoo
Cats & Dogs,https://www.trustpilot.com/categories/cats_dogs
Horses & Riding,https://www.trustpilot.com/categories/horses_riding
Pet Services,https://www.trustpilot.com/categories/pet_services
Pet Stores,https://www.trustpilot.com/categories/pet_stores
Cosmetics & Makeup,https://www.trustpilot.com/categories/cosmetics_makeup
Hair Care & Styling,https://www.trustpilot.com/categories/hair_care_styling
Personal Care,https://www.trustpilot.com/categories/personal_care
Salons & Clinics,https://www.trustpilot.com/categories/salons_clinics
Tattoos & Piercings,https://www.trustpilot.com/categories/tattoos_piercings
Wellness & Spa,https://www.trustpilot.com/categories/wellness_spa
Yoga & Meditation,https://www.trustpilot.com/categories/yoga_meditation
Administration & Services,https://www.trustpilot.com/categories/administration_services
Associations & Centers,https://www.trustpilot.com/categories/associations_centers
HR & Recruiting,https://www.trustpilot.com/categories/hr_recruiting
Import & Export,https://www.trustpilot.com/categories/import_export
IT & Communication,https://www.trustpilot.com/categories/it_communication
Office Space & Supplies,https://www.trustpilot.com/categories/office_space_supplies
Print & Graphic Design,https://www.trustpilot.com/categories/print_graphic_design
Research & Development,https://www.trustpilot.com/categories/research_development
Sales & Marketing,https://www.trustpilot.com/categories/sales_marketing
Shipping & Logistics,https://www.trustpilot.com/categories/shipping_logistics
Wholesale,https://www.trustpilot.com/categories/wholesale
Architects & Engineers,https://www.trustpilot.com/categories/architects_engineers
Building Materials,https://www.trustpilot.com/categories/building_materials
Chemicals & Plastic,https://www.trustpilot.com/categories/chemicals_plastic
Construction Services,https://www.trustpilot.com/categories/construction_services
Contractors & Consultants,https://www.trustpilot.com/categories/contractors_consultants
Factory Equipment,https://www.trustpilot.com/categories/factory_equipment
Garden & Landscaping,https://www.trustpilot.com/categories/garden_landscaping
Industrial Supplies,https://www.trustpilot.com/categories/industrial_supplies
Manufacturing,https://www.trustpilot.com/categories/manufacturing
Production Services,https://www.trustpilot.com/categories/production_services
Tools & Equipment,https://www.trustpilot.com/categories/tools_equipment
Colleges & Universities,https://www.trustpilot.com/categories/colleges_universities
Courses & Classes,https://www.trustpilot.com/categories/courses_classes
Education Services,https://www.trustpilot.com/categories/education_services
Language Learning,https://www.trustpilot.com/categories/language_learning
Music & Theater Classes,https://www.trustpilot.com/categories/music_theater_classes
School & High School,https://www.trustpilot.com/categories/school_high_school
Specials Schools,https://www.trustpilot.com/categories/specials_schools
Vocational Training,https://www.trustpilot.com/categories/vocational_training
Appliances & Electronics,https://www.trustpilot.com/categories/appliances_electronics
Audio & Visual,https://www.trustpilot.com/categories/audio_visual
Computers & Phones,https://www.trustpilot.com/categories/computers_phones
Internet & Software,https://www.trustpilot.com/categories/internet_software
Repair & Services,https://www.trustpilot.com/categories/repair_services
Adult Entertainment,https://www.trustpilot.com/categories/adult_entertainment
Children's Entertainment,https://www.trustpilot.com/categories/childrens_entertainment
Clubbing & Nightlife,https://www.trustpilot.com/categories/clubbing_nightlife
Events & Venues,https://www.trustpilot.com/categories/events_venues
Gambling,https://www.trustpilot.com/categories/gambling
Gaming,https://www.trustpilot.com/categories/gaming
Museums & Exhibits,https://www.trustpilot.com/categories/museums_exibits
Music & Movies,https://www.trustpilot.com/categories/music_movies
Theater & Opera,https://www.trustpilot.com/categories/theater_opera
Wedding & Party,https://www.trustpilot.com/categories/wedding_party
Agriculture & Produce,https://www.trustpilot.com/categories/agriculture_produce
Asian Grocery Stores,https://www.trustpilot.com/categories/asian_grocery_stores
Bakery & Pastry,https://www.trustpilot.com/categories/bakery_pastry
Beer & Wine,https://www.trustpilot.com/categories/beer_wine
Beverages & Liquor,https://www.trustpilot.com/categories/beverages_liquor
Candy & Chocolate,https://www.trustpilot.com/categories/candy_chocolate
Coffee & Tea,https://www.trustpilot.com/categories/coffee_tea
Food Production,https://www.trustpilot.com/categories/food_production
Fruits & Vegetables,https://www.trustpilot.com/categories/fruits_vegetables
Grocery Stores & Markets,https://www.trustpilot.com/categories/grocery_stores_markets
Lunch & Catering,https://www.trustpilot.com/categories/lunch_catering
"Meat, Seafood & Eggs",https://www.trustpilot.com/categories/meat_seafood_eggs
Smoking & Tobacco,https://www.trustpilot.com/categories/smoking_tobacco
Clinics,https://www.trustpilot.com/categories/clinics
Dental Services,https://www.trustpilot.com/categories/dental_services
Diagnostics & Testing,https://www.trustpilot.com/categories/diagnostics_testing
Doctors & Surgeons,https://www.trustpilot.com/categories/doctors_surgeons
Health Equipment,https://www.trustpilot.com/categories/health_equipment
Hospital & Emergency,https://www.trustpilot.com/categories/hospital_emergency
Medical Specialists,https://www.trustpilot.com/categories/medical_specialists
Mental Health,https://www.trustpilot.com/categories/mental_health
Pharmacy & Medicine,https://www.trustpilot.com/categories/pharmacy_medicine
Physical Aids,https://www.trustpilot.com/categories/physical_aids
Pregnancy & Children,https://www.trustpilot.com/categories/pregnancy_children
Therapy & Senior Health,https://www.trustpilot.com/categories/therapy_senior_health
Vision & Hearing,https://www.trustpilot.com/categories/vision_hearing
Art & Handicraft,https://www.trustpilot.com/categories/art_handicraft
Astrology & Numerology,https://www.trustpilot.com/categories/astrology_numerology
Fishing & Hunting,https://www.trustpilot.com/categories/fishing_hunting
Hobbies,https://www.trustpilot.com/categories/hobbies
"Metal, Stone & Glass Work",https://www.trustpilot.com/categories/metal_stone_glass_work
Music & Instruments,https://www.trustpilot.com/categories/music_instruments
Needlework & Knitting,https://www.trustpilot.com/categories/needlework_knitting
Outdoor Activities,https://www.trustpilot.com/categories/outdoor_activities
Painting & Paper,https://www.trustpilot.com/categories/painting_paper
Bathroom & Kitchen,https://www.trustpilot.com/categories/bathroom_kitchen
Cultural Goods,https://www.trustpilot.com/categories/cultural_goods
Decoration & Interior,https://www.trustpilot.com/categories/decoration_interior
Energy & Heating,https://www.trustpilot.com/categories/energy_heating
Fabric & Stationery,https://www.trustpilot.com/categories/fabric_stationary
Furniture Stores,https://www.trustpilot.com/categories/furniture_stores
Garden & Pond,https://www.trustpilot.com/categories/garden_pond
Home & Garden Services,https://www.trustpilot.com/categories/home_garden_services
Home Goods Stores,https://www.trustpilot.com/categories/home_goods_stores
Home Improvements,https://www.trustpilot.com/categories/home_improvements
Cleaning Service Providers,https://www.trustpilot.com/categories/cleaning_service_providers
Craftsman,https://www.trustpilot.com/categories/craftsman
House Services,https://www.trustpilot.com/categories/house_services
House Sitting & Security,https://www.trustpilot.com/categories/house_sitting_security
Moving & Storage,https://www.trustpilot.com/categories/moving_storage
Plumbing & Sanitation,https://www.trustpilot.com/categories/plumbing_sanitation
Repair Service Providers,https://www.trustpilot.com/categories/repair_service_providers
Customs & Toll,https://www.trustpilot.com/categories/customs_toll
Government Department,https://www.trustpilot.com/categories/government_department
Law Enforcement,https://www.trustpilot.com/categories/law_enforcement
Lawyers & Attorneys,https://www.trustpilot.com/categories/lawyers_attorneys
Legal Service Providers,https://www.trustpilot.com/categories/legal_service_providers
Libraries & Archives,https://www.trustpilot.com/categories/libraries_archives
Municipal Department,https://www.trustpilot.com/categories/municipal_department
Registration Services,https://www.trustpilot.com/categories/registration_services
Books & Magazines,https://www.trustpilot.com/categories/books_magazines
Media & Information,https://www.trustpilot.com/categories/media_information
Photography,https://www.trustpilot.com/categories/photography
Video & Sound,https://www.trustpilot.com/categories/video_sound
Accounting & Tax,https://www.trustpilot.com/categories/accounting_tax
Banking & Money,https://www.trustpilot.com/categories/banking_money
Credit & Debt Services,https://www.trustpilot.com/categories/credit_debt_services
Insurance,https://www.trustpilot.com/categories/insurance
Investments & Wealth,https://www.trustpilot.com/categories/investments_wealth
Real Estate,https://www.trustpilot.com/categories/real_estate
Employment & Career,https://www.trustpilot.com/categories/employment_career
Funeral & Memorial,https://www.trustpilot.com/categories/funeral_memorial
Housing Associations,https://www.trustpilot.com/categories/housing_associations
Kids & Family,https://www.trustpilot.com/categories/kids_family
Military & Veteran,https://www.trustpilot.com/categories/military_veteran
Nature & Environment,https://www.trustpilot.com/categories/nature_environment
Professional Organizations,https://www.trustpilot.com/categories/professional_organizations
Public Services & Welfare,https://www.trustpilot.com/categories/public_services_welfare
Religious Institutions,https://www.trustpilot.com/categories/religious_institutions
Shelters & Homes,https://www.trustpilot.com/categories/shelters_homes
Waste Management,https://www.trustpilot.com/categories/waste_management
African & Pacific Cuisine,https://www.trustpilot.com/categories/african_pacific_cuisine
Bars & Cafes,https://www.trustpilot.com/categories/bars_cafes
Chinese & Korean Cuisine,https://www.trustpilot.com/categories/chinese_korean_cuisine
European Cuisine,https://www.trustpilot.com/categories/european_cuisine
General Restaurants,https://www.trustpilot.com/categories/general_restaurants
Japanese Cuisine,https://www.trustpilot.com/categories/japanese_cuisine
Mediterranean Cuisine,https://www.trustpilot.com/categories/mediterranean_cuisine
Middle Eastern Cuisine,https://www.trustpilot.com/categories/middle_eastern_cuisine
North & South American Cuisine,https://www.trustpilot.com/categories/north_south_american_cuisine
Southeast Asian Cuisine,https://www.trustpilot.com/categories/southeast_asian_cuisine
Takeaway,https://www.trustpilot.com/categories/takeaway
Vegetarian & Diet,https://www.trustpilot.com/categories/vegetarian_diet
Accessories,https://www.trustpilot.com/categories/accessories
Clothing & Underwear,https://www.trustpilot.com/categories/clothing_underwear
Clothing Rental & Repair,https://www.trustpilot.com/categories/clothing_rental_repair
Costume & Wedding,https://www.trustpilot.com/categories/costume_wedding
Jewelry & Watches,https://www.trustpilot.com/categories/jewelry_watches
Malls & Marketplaces,https://www.trustpilot.com/categories/malls_marketplaces
Ball Games,https://www.trustpilot.com/categories/ball_games
Bat-and-ball Games,https://www.trustpilot.com/categories/bat-and-ball_games
Bowls & Lawn Sports,https://www.trustpilot.com/categories/bowls_lawn_sports
Dancing & Gymnastics,https://www.trustpilot.com/categories/dancing_gymnastics
Equipment & Associations,https://www.trustpilot.com/categories/equipment_associations
Extreme Sports,https://www.trustpilot.com/categories/extreme_sports
Fitness & Weight Lifting,https://www.trustpilot.com/categories/fitness_weight_lifting
Golf & Ultimate,https://www.trustpilot.com/categories/golf_ultimate
Hockey & Ice Skating,https://www.trustpilot.com/categories/hockey_ice_skating
Martial arts & Wrestling,https://www.trustpilot.com/categories/martial_arts_wrestling
Outdoor & Winter Sports,https://www.trustpilot.com/categories/outdoor_winter_sports
Shooting & Target Sports,https://www.trustpilot.com/categories/shooting_target_sports
Swimming & Water Sports,https://www.trustpilot.com/categories/swimming_water_sports
Tennis & Racquet Sports,https://www.trustpilot.com/categories/tennis_racquet_sports
Accommodation & Lodging,https://www.trustpilot.com/categories/accomodations_lodging
Activities & Tours,https://www.trustpilot.com/categories/activities_tours
Airlines & Air Travel,https://www.trustpilot.com/categories/airlines_air_travel
Hotels,https://www.trustpilot.com/categories/hotels
Travel Agencies,https://www.trustpilot.com/categories/travel_agencies
Energy & Power,https://www.trustpilot.com/categories/energy_power
Oil & Fuel,https://www.trustpilot.com/categories/oil_fuel
Water Utilities,https://www.trustpilot.com/categories/water_utilities
Air & Water Transport,https://www.trustpilot.com/categories/air_water_transport
Airports & Parking,https://www.trustpilot.com/categories/airports_parking
Auto Parts & Wheels,https://www.trustpilot.com/categories/auto_parts_wheels
Bicycles,https://www.trustpilot.com/categories/bicycles
Cars & Trucks,https://www.trustpilot.com/categories/cars_trucks
Motorcycle & Powersports,https://www.trustpilot.com/categories/motorcycle_powersports
Other Vehicles & Trailers,https://www.trustpilot.com/categories/other_vehicles_trailers
Taxis & Public Transport,https://www.trustpilot.com/categories/taxis_public_transport
Vehicle Rental,https://www.trustpilot.com/categories/vehical_rental
Vehicle Repair & Fuel,https://www.trustpilot.com/categories/vehicle_repair_fuel
